Data As Of,Start Date,End Date,Group,Year,Month,State,Condition Group,Condition,ICD10_codes,Age Group,COVID-19 Deaths,Number of Mentions,Flag
03/19/2023,01/01/2020,03/18/2023,By Total,,,Alabama,Obesity,Obesity,E65-E68,0-24,,,One or more data cells have counts between 1-9 and have been suppressed in accordance with NCHS confidentiality standards.
03/19/2023,01/01/2020,03/18/2023,By Total,,,Alabama,Obesity,Obesity,E65-E68,25-34,31.0,31.0,
03/19/2023,01/01/2020,03/18/2023,By Total,,,Alabama,Obesity,Obesity,E65-E68,35-44,79.0,79.0,
03/19/2023,01/01/2020,03/18/2023,By Total,,,Alabama,Obesity,Obesity,E65-E68,45-54,109.0,109.0,
03/19/2023,01/01/2020,03/18/2023,By Total,,,Alabama,Obesity,Obesity,E65-E68,55-64,175.0,175.0,
03/19/2023,01/01/2020,03/18/2023,By Total,,,Alabama,Obesity,Obesity,E65-E68,65-74,126.0,126.0,
03/19/2023,01/01/2020,03/18/2023,By Total,,,Alabama,Obesity,Obesity,E65-E68,75-84,65.0,65.0,
03/19/2023,01/01/2020,03/18/2023,By Total,,,Alabama,Obesity,Obesity,E65-E68,85+,13.0,13.0,
03/19/2023,01/01/2020,03/18/2023,By Total,,,Alabama,Obesity,Obesity,E65-E68,Not stated,0.0,0.0,
03/19/2023,01/01/2020,03/18/2023,By Total,,,Alabama,Obesity,Obesity,E65-E68,All Ages,601.0,601.0,
03/19/2023,01/01/2020,03/18/2023,By Total,,,Alaska,Obesity,Obesity,E65-E68,0-24,,,One or more data cells have counts between 1-9 and have been suppressed in accordance with NCHS confidentiality standards.
03/19/2023,01/01/2020,03/18/2023,By Total,,,Alaska,Obesity,Obesity,E65-E68,25-34,11.0,11.0,
03/19/2023,01/01/2020,03/18/2023,By Total,,,Alaska,Obesity,Obesity,E65-E68,35-44,15.0,15.0,
03/19/2023,01/01/2020,03/18/2023,By Total,,,Alaska,Obesity,Obesity,E65-E68,45-54,15.0,15.0,
03/19/2023,01/01/2020,03/18/2023,By Total,,,Alaska,Obesity,Obesity,E65-E68,55-64,20.0,20.0,
03/19/2023,01/01/2020,03/18/2023,By Total,,,Alaska,Obesity,Obesity,E65-E68,65-74,15.0,15.0,
03/19/2023,01/01/2020,03/18/2023,By Total,,,Alaska,Obesity,Obesity,E65-E68,75-84,,,One or more data cells have counts between 1-9 and have been suppressed in accordance with NCHS confidentiality standards.
03/19/2023,01/01/2020,03/18/2023,By Total,,,Alaska,Obesity,Obesity,E65-E68,85+,,,One or more data cells have counts between 1-9 and have been suppressed in accordance with NCHS confidentiality standards.
03/19/2023,01/01/2020,03/18/2023,By Total,,,Alaska,Obesity,Obesity,E65-E68,Not stated,0.0,0.0,
03/19/2023,01/01/2020,03/18/2023,By Total,,,Alaska,Obesity,Obesity,E65-E68,All Ages,88.0,88.0,
03/19/2023,01/01/2020,03/18/2023,By Total,,,Arizona,Obesity,Obesity,E65-E68,0-24,36.0,36.0,
03/19/2023,01/01/2020,03/18/2023,By Total,,,Arizona,Obesity,Obesity,E65-E68,25-34,124.0,124.0,
03/19/2023,01/01/2020,03/18/2023,By Total,,,Arizona,Obesity,Obesity,E65-E68,35-44,231.0,231.0,
03/19/2023,01/01/2020,03/18/2023,By Total,,,Arizona,Obesity,Obesity,E65-E68,45-54,343.0,343.0,
03/19/2023,01/01/2020,03/18/2023,By Total,,,Arizona,Obesity,Obesity,E65-E68,55-64,426.0,426.0,
03/19/2023,01/01/2020,03/18/2023,By Total,,,Arizona,Obesity,Obesity,E65-E68,65-74,377.0,378.0,
03/19/2023,01/01/2020,03/18/2023,By Total,,,Arizona,Obesity,Obesity,E65-E68,75-84,144.0,145.0,
03/19/2023,01/01/2020,03/18/2023,By Total,,,Arizona,Obesity,Obesity,E65-E68,85+,30.0,30.0,
03/19/2023,01/01/2020,03/18/2023,By Total,,,Arizona,Obesity,Obesity,E65-E68,Not stated,0.0,0.0,
03/19/2023,01/01/2020,03/18/2023,By Total,,,Arizona,Obesity,Obesity,E65-E68,All Ages,1711.0,1713.0,
03/19/2023,01/01/2020,03/18/2023,By Total,,,Arkansas,Obesity,Obesity,E65-E68,0-24,,,One or more data cells have counts between 1-9 and have been suppressed in accordance with NCHS confidentiality standards.
03/19/2023,01/01/2020,03/18/2023,By Total,,,Arkansas,Obesity,Obesity,E65-E68,25-34,24.0,24.0,
03/19/2023,01/01/2020,03/18/2023,By Total,,,Arkansas,Obesity,Obesity,E65-E68,35-44,63.0,65.0,
03/19/2023,01/01/2020,03/18/2023,By Total,,,Arkansas,Obesity,Obesity,E65-E68,45-54,86.0,86.0,
03/19/2023,01/01/2020,03/18/2023,By Total,,,Arkansas,Obesity,Obesity,E65-E68,55-64,111.0,112.0,
03/19/2023,01/01/2020,03/18/2023,By Total,,,Arkansas,Obesity,Obesity,E65-E68,65-74,110.0,110.0,
03/19/2023,01/01/2020,03/18/2023,By Total,,,Arkansas,Obesity,Obesity,E65-E68,75-84,61.0,61.0,
03/19/2023,01/01/2020,03/18/2023,By Total,,,Arkansas,Obesity,Obesity,E65-E68,85+,,,One or more data cells have counts between 1-9 and have been suppressed in accordance with NCHS confidentiality standards.
03/19/2023,01/01/2020,03/18/2023,By Total,,,Arkansas,Obesity,Obesity,E65-E68,Not stated,0.0,0.0,
03/19/2023,01/01/2020,03/18/2023,By Total,,,Arkansas,Obesity,Obesity,E65-E68,All Ages,467.0,470.0,
03/19/2023,01/01/2020,03/18/2023,By Total,,,California,Obesity,Obesity,E65-E68,0-24,79.0,79.0,
03/19/2023,01/01/2020,03/18/2023,By Total,,,California,Obesity,Obesity,E65-E68,25-34,410.0,410.0,
03/19/2023,01/01/2020,03/18/2023,By Total,,,California,Obesity,Obesity,E65-E68,35-44,710.0,713.0,
03/19/2023,01/01/2020,03/18/2023,By Total,,,California,Obesity,Obesity,E65-E68,45-54,1158.0,1160.0,
03/19/2023,01/01/2020,03/18/2023,By Total,,,California,Obesity,Obesity,E65-E68,55-64,1475.0,1477.0,
03/19/2023,01/01/2020,03/18/2023,By Total,,,California,Obesity,Obesity,E65-E68,65-74,1225.0,1226.0,
03/19/2023,01/01/2020,03/18/2023,By Total,,,California,Obesity,Obesity,E65-E68,75-84,603.0,603.0,
03/19/2023,01/01/2020,03/18/2023,By Total,,,California,Obesity,Obesity,E65-E68,85+,141.0,141.0,
03/19/2023,01/01/2020,03/18/2023,By Total,,,California,Obesity,Obesity,E65-E68,Not stated,0.0,0.0,
03/19/2023,01/01/2020,03/18/2023,By Total,,,California,Obesity,Obesity,E65-E68,All Ages,5801.0,5809.0,
03/19/2023,01/01/2020,03/18/2023,By Total,,,Colorado,Obesity,Obesity,E65-E68,0-24,15.0,15.0,
03/19/2023,01/01/2020,03/18/2023,By Total,,,Colorado,Obesity,Obesity,E65-E68,25-34,42.0,43.0,
03/19/2023,01/01/2020,03/18/2023,By Total,,,Colorado,Obesity,Obesity,E65-E68,35-44,116.0,116.0,
03/19/2023,01/01/2020,03/18/2023,By Total,,,Colorado,Obesity,Obesity,E65-E68,45-54,201.0,201.0,
03/19/2023,01/01/2020,03/18/2023,By Total,,,Colorado,Obesity,Obesity,E65-E68,55-64,292.0,292.0,
03/19/2023,01/01/2020,03/18/2023,By Total,,,Colorado,Obesity,Obesity,E65-E68,65-74,268.0,268.0,
03/19/2023,01/01/2020,03/18/2023,By Total,,,Colorado,Obesity,Obesity,E65-E68,75-84,119.0,120.0,
03/19/2023,01/01/2020,03/18/2023,By Total,,,Colorado,Obesity,Obesity,E65-E68,85+,19.0,19.0,
03/19/2023,01/01/2020,03/18/2023,By Total,,,Colorado,Obesity,Obesity,E65-E68,Not stated,0.0,0.0,
03/19/2023,01/01/2020,03/18/2023,By Total,,,Colorado,Obesity,Obesity,E65-E68,All Ages,1072.0,1074.0,
03/19/2023,01/01/2020,03/18/2023,By Total,,,Connecticut,Obesity,Obesity,E65-E68,0-24,,,One or more data cells have counts between 1-9 and have been suppressed in accordance with NCHS confidentiality standards.
03/19/2023,01/01/2020,03/18/2023,By Total,,,Connecticut,Obesity,Obesity,E65-E68,25-34,19.0,19.0,
03/19/2023,01/01/2020,03/18/2023,By Total,,,Connecticut,Obesity,Obesity,E65-E68,35-44,38.0,38.0,
03/19/2023,01/01/2020,03/18/2023,By Total,,,Connecticut,Obesity,Obesity,E65-E68,45-54,57.0,57.0,
03/19/2023,01/01/2020,03/18/2023,By Total,,,Connecticut,Obesity,Obesity,E65-E68,55-64,90.0,90.0,
03/19/2023,01/01/2020,03/18/2023,By Total,,,Connecticut,Obesity,Obesity,E65-E68,65-74,65.0,65.0,
03/19/2023,01/01/2020,03/18/2023,By Total,,,Connecticut,Obesity,Obesity,E65-E68,75-84,50.0,50.0,
03/19/2023,01/01/2020,03/18/2023,By Total,,,Connecticut,Obesity,Obesity,E65-E68,85+,,,One or more data cells have counts between 1-9 and have been suppressed in accordance with NCHS confidentiality standards.
03/19/2023,01/01/2020,03/18/2023,By Total,,,Connecticut,Obesity,Obesity,E65-E68,Not stated,0.0,0.0,
03/19/2023,01/01/2020,03/18/2023,By Total,,,Connecticut,Obesity,Obesity,E65-E68,All Ages,332.0,332.0,
03/19/2023,01/01/2020,03/18/2023,By Total,,,Delaware,Obesity,Obesity,E65-E68,0-24,,,One or more data cells have counts between 1-9 and have been suppressed in accordance with NCHS confidentiality standards.
03/19/2023,01/01/2020,03/18/2023,By Total,,,Delaware,Obesity,Obesity,E65-E68,25-34,,,One or more data cells have counts between 1-9 and have been suppressed in accordance with NCHS confidentiality standards.
03/19/2023,01/01/2020,03/18/2023,By Total,,,Delaware,Obesity,Obesity,E65-E68,35-44,13.0,13.0,
03/19/2023,01/01/2020,03/18/2023,By Total,,,Delaware,Obesity,Obesity,E65-E68,45-54,29.0,29.0,
03/19/2023,01/01/2020,03/18/2023,By Total,,,Delaware,Obesity,Obesity,E65-E68,55-64,47.0,47.0,
03/19/2023,01/01/2020,03/18/2023,By Total,,,Delaware,Obesity,Obesity,E65-E68,65-74,78.0,78.0,
03/19/2023,01/01/2020,03/18/2023,By Total,,,Delaware,Obesity,Obesity,E65-E68,75-84,37.0,37.0,
03/19/2023,01/01/2020,03/18/2023,By Total,,,Delaware,Obesity,Obesity,E65-E68,85+,13.0,13.0,
03/19/2023,01/01/2020,03/18/2023,By Total,,,Delaware,Obesity,Obesity,E65-E68,Not stated,0.0,0.0,
03/19/2023,01/01/2020,03/18/2023,By Total,,,Delaware,Obesity,Obesity,E65-E68,All Ages,223.0,223.0,
03/19/2023,01/01/2020,03/18/2023,By Total,,,District of Columbia,Obesity,Obesity,E65-E68,0-24,,,One or more data cells have counts between 1-9 and have been suppressed in accordance with NCHS confidentiality standards.
03/19/2023,01/01/2020,03/18/2023,By Total,,,District of Columbia,Obesity,Obesity,E65-E68,25-34,,,One or more data cells have counts between 1-9 and have been suppressed in accordance with NCHS confidentiality standards.
03/19/2023,01/01/2020,03/18/2023,By Total,,,District of Columbia,Obesity,Obesity,E65-E68,35-44,23.0,23.0,
03/19/2023,01/01/2020,03/18/2023,By Total,,,District of Columbia,Obesity,Obesity,E65-E68,45-54,36.0,36.0,
03/19/2023,01/01/2020,03/18/2023,By Total,,,District of Columbia,Obesity,Obesity,E65-E68,55-64,63.0,63.0,
03/19/2023,01/01/2020,03/18/2023,By Total,,,District of Columbia,Obesity,Obesity,E65-E68,65-74,40.0,40.0,
03/19/2023,01/01/2020,03/18/2023,By Total,,,District of Columbia,Obesity,Obesity,E65-E68,75-84,13.0,13.0,
03/19/2023,01/01/2020,03/18/2023,By Total,,,District of Columbia,Obesity,Obesity,E65-E68,85+,,,One or more data cells have counts between 1-9 and have been suppressed in accordance with NCHS confidentiality standards.
03/19/2023,01/01/2020,03/18/2023,By Total,,,District of Columbia,Obesity,Obesity,E65-E68,Not stated,0.0,0.0,
03/19/2023,01/01/2020,03/18/2023,By Total,,,District of Columbia,Obesity,Obesity,E65-E68,All Ages,188.0,188.0,
03/19/2023,01/01/2020,03/18/2023,By Total,,,Florida,Obesity,Obesity,E65-E68,0-24,59.0,59.0,
03/19/2023,01/01/2020,03/18/2023,By Total,,,Florida,Obesity,Obesity,E65-E68,25-34,175.0,176.0,
03/19/2023,01/01/2020,03/18/2023,By Total,,,Florida,Obesity,Obesity,E65-E68,35-44,423.0,424.0,
03/19/2023,01/01/2020,03/18/2023,By Total,,,Florida,Obesity,Obesity,E65-E68,45-54,664.0,665.0,
03/19/2023,01/01/2020,03/18/2023,By Total,,,Florida,Obesity,Obesity,E65-E68,55-64,952.0,953.0,
03/19/2023,01/01/2020,03/18/2023,By Total,,,Florida,Obesity,Obesity,E65-E68,65-74,911.0,913.0,
03/19/2023,01/01/2020,03/18/2023,By Total,,,Florida,Obesity,Obesity,E65-E68,75-84,533.0,534.0,
03/19/2023,01/01/2020,03/18/2023,By Total,,,Florida,Obesity,Obesity,E65-E68,85+,126.0,126.0,
03/19/2023,01/01/2020,03/18/2023,By Total,,,Florida,Obesity,Obesity,E65-E68,Not stated,,,One or more data cells have counts between 1-9 and have been suppressed in accordance with NCHS confidentiality standards.
03/19/2023,01/01/2020,03/18/2023,By Total,,,Florida,Obesity,Obesity,E65-E68,All Ages,3844.0,3851.0,
03/19/2023,01/01/2020,03/18/2023,By Total,,,Georgia,Obesity,Obesity,E65-E68,0-24,27.0,27.0,
03/19/2023,01/01/2020,03/18/2023,By Total,,,Georgia,Obesity,Obesity,E65-E68,25-34,74.0,74.0,
03/19/2023,01/01/2020,03/18/2023,By Total,,,Georgia,Obesity,Obesity,E65-E68,35-44,196.0,199.0,
03/19/2023,01/01/2020,03/18/2023,By Total,,,Georgia,Obesity,Obesity,E65-E68,45-54,316.0,316.0,
03/19/2023,01/01/2020,03/18/2023,By Total,,,Georgia,Obesity,Obesity,E65-E68,55-64,400.0,400.0,
03/19/2023,01/01/2020,03/18/2023,By Total,,,Georgia,Obesity,Obesity,E65-E68,65-74,338.0,338.0,
03/19/2023,01/01/2020,03/18/2023,By Total,,,Georgia,Obesity,Obesity,E65-E68,75-84,177.0,177.0,
03/19/2023,01/01/2020,03/18/2023,By Total,,,Georgia,Obesity,Obesity,E65-E68,85+,43.0,43.0,
03/19/2023,01/01/2020,03/18/2023,By Total,,,Georgia,Obesity,Obesity,E65-E68,Not stated,0.0,0.0,
03/19/2023,01/01/2020,03/18/2023,By Total,,,Georgia,Obesity,Obesity,E65-E68,All Ages,1571.0,1574.0,
03/19/2023,01/01/2020,03/18/2023,By Total,,,Hawaii,Obesity,Obesity,E65-E68,0-24,,,One or more data cells have counts between 1-9 and have been suppressed in accordance with NCHS confidentiality standards.
03/19/2023,01/01/2020,03/18/2023,By Total,,,Hawaii,Obesity,Obesity,E65-E68,25-34,,,One or more data cells have counts between 1-9 and have been suppressed in accordance with NCHS confidentiality standards.
03/19/2023,01/01/2020,03/18/2023,By Total,,,Hawaii,Obesity,Obesity,E65-E68,35-44,18.0,18.0,
03/19/2023,01/01/2020,03/18/2023,By Total,,,Hawaii,Obesity,Obesity,E65-E68,45-54,13.0,13.0,
03/19/2023,01/01/2020,03/18/2023,By Total,,,Hawaii,Obesity,Obesity,E65-E68,55-64,21.0,21.0,
03/19/2023,01/01/2020,03/18/2023,By Total,,,Hawaii,Obesity,Obesity,E65-E68,65-74,17.0,17.0,
03/19/2023,01/01/2020,03/18/2023,By Total,,,Hawaii,Obesity,Obesity,E65-E68,75-84,,,One or more data cells have counts between 1-9 and have been suppressed in accordance with NCHS confidentiality standards.
03/19/2023,01/01/2020,03/18/2023,By Total,,,Hawaii,Obesity,Obesity,E65-E68,85+,0.0,0.0,
03/19/2023,01/01/2020,03/18/2023,By Total,,,Hawaii,Obesity,Obesity,E65-E68,Not stated,0.0,0.0,
03/19/2023,01/01/2020,03/18/2023,By Total,,,Hawaii,Obesity,Obesity,E65-E68,All Ages,81.0,81.0,
03/19/2023,01/01/2020,03/18/2023,By Total,,,Idaho,Obesity,Obesity,E65-E68,0-24,0.0,0.0,
03/19/2023,01/01/2020,03/18/2023,By Total,,,Idaho,Obesity,Obesity,E65-E68,25-34,13.0,13.0,
03/19/2023,01/01/2020,03/18/2023,By Total,,,Idaho,Obesity,Obesity,E65-E68,35-44,25.0,25.0,
03/19/2023,01/01/2020,03/18/2023,By Total,,,Idaho,Obesity,Obesity,E65-E68,45-54,62.0,62.0,
03/19/2023,01/01/2020,03/18/2023,By Total,,,Idaho,Obesity,Obesity,E65-E68,55-64,94.0,94.0,
03/19/2023,01/01/2020,03/18/2023,By Total,,,Idaho,Obesity,Obesity,E65-E68,65-74,97.0,97.0,
03/19/2023,01/01/2020,03/18/2023,By Total,,,Idaho,Obesity,Obesity,E65-E68,75-84,53.0,54.0,
03/19/2023,01/01/2020,03/18/2023,By Total,,,Idaho,Obesity,Obesity,E65-E68,85+,14.0,14.0,
03/19/2023,01/01/2020,03/18/2023,By Total,,,Idaho,Obesity,Obesity,E65-E68,Not stated,0.0,0.0,
03/19/2023,01/01/2020,03/18/2023,By Total,,,Idaho,Obesity,Obesity,E65-E68,All Ages,358.0,359.0,
03/19/2023,01/01/2020,03/18/2023,By Total,,,Illinois,Obesity,Obesity,E65-E68,0-24,24.0,24.0,
03/19/2023,01/01/2020,03/18/2023,By Total,,,Illinois,Obesity,Obesity,E65-E68,25-34,132.0,132.0,
03/19/2023,01/01/2020,03/18/2023,By Total,,,Illinois,Obesity,Obesity,E65-E68,35-44,224.0,224.0,
03/19/2023,01/01/2020,03/18/2023,By Total,,,Illinois,Obesity,Obesity,E65-E68,45-54,405.0,405.0,
03/19/2023,01/01/2020,03/18/2023,By Total,,,Illinois,Obesity,Obesity,E65-E68,55-64,547.0,547.0,
03/19/2023,01/01/2020,03/18/2023,By Total,,,Illinois,Obesity,Obesity,E65-E68,65-74,533.0,533.0,
03/19/2023,01/01/2020,03/18/2023,By Total,,,Illinois,Obesity,Obesity,E65-E68,75-84,269.0,269.0,
03/19/2023,01/01/2020,03/18/2023,By Total,,,Illinois,Obesity,Obesity,E65-E68,85+,86.0,86.0,
03/19/2023,01/01/2020,03/18/2023,By Total,,,Illinois,Obesity,Obesity,E65-E68,Not stated,0.0,0.0,
03/19/2023,01/01/2020,03/18/2023,By Total,,,Illinois,Obesity,Obesity,E65-E68,All Ages,2220.0,2220.0,
03/19/2023,01/01/2020,03/18/2023,By Total,,,Indiana,Obesity,Obesity,E65-E68,0-24,20.0,20.0,
03/19/2023,01/01/2020,03/18/2023,By Total,,,Indiana,Obesity,Obesity,E65-E68,25-34,42.0,42.0,
03/19/2023,01/01/2020,03/18/2023,By Total,,,Indiana,Obesity,Obesity,E65-E68,35-44,96.0,97.0,
03/19/2023,01/01/2020,03/18/2023,By Total,,,Indiana,Obesity,Obesity,E65-E68,45-54,189.0,189.0,
03/19/2023,01/01/2020,03/18/2023,By Total,,,Indiana,Obesity,Obesity,E65-E68,55-64,288.0,289.0,
03/19/2023,01/01/2020,03/18/2023,By Total,,,Indiana,Obesity,Obesity,E65-E68,65-74,287.0,288.0,
03/19/2023,01/01/2020,03/18/2023,By Total,,,Indiana,Obesity,Obesity,E65-E68,75-84,168.0,168.0,
03/19/2023,01/01/2020,03/18/2023,By Total,,,Indiana,Obesity,Obesity,E65-E68,85+,28.0,28.0,
03/19/2023,01/01/2020,03/18/2023,By Total,,,Indiana,Obesity,Obesity,E65-E68,Not stated,0.0,0.0,
03/19/2023,01/01/2020,03/18/2023,By Total,,,Indiana,Obesity,Obesity,E65-E68,All Ages,1118.0,1121.0,
03/19/2023,01/01/2020,03/18/2023,By Total,,,Iowa,Obesity,Obesity,E65-E68,0-24,,,One or more data cells have counts between 1-9 and have been suppressed in accordance with NCHS confidentiality standards.
03/19/2023,01/01/2020,03/18/2023,By Total,,,Iowa,Obesity,Obesity,E65-E68,25-34,19.0,19.0,
03/19/2023,01/01/2020,03/18/2023,By Total,,,Iowa,Obesity,Obesity,E65-E68,35-44,49.0,49.0,
03/19/2023,01/01/2020,03/18/2023,By Total,,,Iowa,Obesity,Obesity,E65-E68,45-54,91.0,91.0,
03/19/2023,01/01/2020,03/18/2023,By Total,,,Iowa,Obesity,Obesity,E65-E68,55-64,121.0,122.0,
03/19/2023,01/01/2020,03/18/2023,By Total,,,Iowa,Obesity,Obesity,E65-E68,65-74,142.0,143.0,
03/19/2023,01/01/2020,03/18/2023,By Total,,,Iowa,Obesity,Obesity,E65-E68,75-84,81.0,81.0,
03/19/2023,01/01/2020,03/18/2023,By Total,,,Iowa,Obesity,Obesity,E65-E68,85+,42.0,42.0,
03/19/2023,01/01/2020,03/18/2023,By Total,,,Iowa,Obesity,Obesity,E65-E68,Not stated,0.0,0.0,
03/19/2023,01/01/2020,03/18/2023,By Total,,,Iowa,Obesity,Obesity,E65-E68,All Ages,551.0,553.0,
03/19/2023,01/01/2020,03/18/2023,By Total,,,Kansas,Obesity,Obesity,E65-E68,0-24,,,One or more data cells have counts between 1-9 and have been suppressed in accordance with NCHS confidentiality standards.
03/19/2023,01/01/2020,03/18/2023,By Total,,,Kansas,Obesity,Obesity,E65-E68,25-34,12.0,12.0,
03/19/2023,01/01/2020,03/18/2023,By Total,,,Kansas,Obesity,Obesity,E65-E68,35-44,46.0,46.0,
03/19/2023,01/01/2020,03/18/2023,By Total,,,Kansas,Obesity,Obesity,E65-E68,45-54,88.0,88.0,
03/19/2023,01/01/2020,03/18/2023,By Total,,,Kansas,Obesity,Obesity,E65-E68,55-64,123.0,123.0,
03/19/2023,01/01/2020,03/18/2023,By Total,,,Kansas,Obesity,Obesity,E65-E68,65-74,115.0,116.0,
03/19/2023,01/01/2020,03/18/2023,By Total,,,Kansas,Obesity,Obesity,E65-E68,75-84,59.0,60.0,
03/19/2023,01/01/2020,03/18/2023,By Total,,,Kansas,Obesity,Obesity,E65-E68,85+,10.0,10.0,
03/19/2023,01/01/2020,03/18/2023,By Total,,,Kansas,Obesity,Obesity,E65-E68,Not stated,0.0,0.0,
03/19/2023,01/01/2020,03/18/2023,By Total,,,Kansas,Obesity,Obesity,E65-E68,All Ages,462.0,464.0,
03/19/2023,01/01/2020,03/18/2023,By Total,,,Kentucky,Obesity,Obesity,E65-E68,0-24,11.0,11.0,
03/19/2023,01/01/2020,03/18/2023,By Total,,,Kentucky,Obesity,Obesity,E65-E68,25-34,37.0,38.0,
03/19/2023,01/01/2020,03/18/2023,By Total,,,Kentucky,Obesity,Obesity,E65-E68,35-44,95.0,97.0,
03/19/2023,01/01/2020,03/18/2023,By Total,,,Kentucky,Obesity,Obesity,E65-E68,45-54,136.0,136.0,
03/19/2023,01/01/2020,03/18/2023,By Total,,,Kentucky,Obesity,Obesity,E65-E68,55-64,194.0,195.0,
03/19/2023,01/01/2020,03/18/2023,By Total,,,Kentucky,Obesity,Obesity,E65-E68,65-74,175.0,175.0,
03/19/2023,01/01/2020,03/18/2023,By Total,,,Kentucky,Obesity,Obesity,E65-E68,75-84,84.0,85.0,
03/19/2023,01/01/2020,03/18/2023,By Total,,,Kentucky,Obesity,Obesity,E65-E68,85+,19.0,19.0,
03/19/2023,01/01/2020,03/18/2023,By Total,,,Kentucky,Obesity,Obesity,E65-E68,Not stated,0.0,0.0,
03/19/2023,01/01/2020,03/18/2023,By Total,,,Kentucky,Obesity,Obesity,E65-E68,All Ages,751.0,756.0,
03/19/2023,01/01/2020,03/18/2023,By Total,,,Louisiana,Obesity,Obesity,E65-E68,0-24,12.0,12.0,
03/19/2023,01/01/2020,03/18/2023,By Total,,,Louisiana,Obesity,Obesity,E65-E68,25-34,35.0,35.0,
03/19/2023,01/01/2020,03/18/2023,By Total,,,Louisiana,Obesity,Obesity,E65-E68,35-44,104.0,104.0,
03/19/2023,01/01/2020,03/18/2023,By Total,,,Louisiana,Obesity,Obesity,E65-E68,45-54,153.0,153.0,
03/19/2023,01/01/2020,03/18/2023,By Total,,,Louisiana,Obesity,Obesity,E65-E68,55-64,203.0,203.0,
03/19/2023,01/01/2020,03/18/2023,By Total,,,Louisiana,Obesity,Obesity,E65-E68,65-74,201.0,201.0,
03/19/2023,01/01/2020,03/18/2023,By Total,,,Louisiana,Obesity,Obesity,E65-E68,75-84,105.0,105.0,
03/19/2023,01/01/2020,03/18/2023,By Total,,,Louisiana,Obesity,Obesity,E65-E68,85+,19.0,19.0,
03/19/2023,01/01/2020,03/18/2023,By Total,,,Louisiana,Obesity,Obesity,E65-E68,Not stated,0.0,0.0,
03/19/2023,01/01/2020,03/18/2023,By Total,,,Louisiana,Obesity,Obesity,E65-E68,All Ages,832.0,832.0,
03/19/2023,01/01/2020,03/18/2023,By Total,,,Maine,Obesity,Obesity,E65-E68,0-24,,,One or more data cells have counts between 1-9 and have been suppressed in accordance with NCHS confidentiality standards.
03/19/2023,01/01/2020,03/18/2023,By Total,,,Maine,Obesity,Obesity,E65-E68,25-34,,,One or more data cells have counts between 1-9 and have been suppressed in accordance with NCHS confidentiality standards.
03/19/2023,01/01/2020,03/18/2023,By Total,,,Maine,Obesity,Obesity,E65-E68,35-44,,,One or more data cells have counts between 1-9 and have been suppressed in accordance with NCHS confidentiality standards.
03/19/2023,01/01/2020,03/18/2023,By Total,,,Maine,Obesity,Obesity,E65-E68,45-54,,,One or more data cells have counts between 1-9 and have been suppressed in accordance with NCHS confidentiality standards.
03/19/2023,01/01/2020,03/18/2023,By Total,,,Maine,Obesity,Obesity,E65-E68,55-64,18.0,18.0,
03/19/2023,01/01/2020,03/18/2023,By Total,,,Maine,Obesity,Obesity,E65-E68,65-74,13.0,13.0,
03/19/2023,01/01/2020,03/18/2023,By Total,,,Maine,Obesity,Obesity,E65-E68,75-84,15.0,15.0,
03/19/2023,01/01/2020,03/18/2023,By Total,,,Maine,Obesity,Obesity,E65-E68,85+,,,One or more data cells have counts between 1-9 and have been suppressed in accordance with NCHS confidentiality standards.
03/19/2023,01/01/2020,03/18/2023,By Total,,,Maine,Obesity,Obesity,E65-E68,Not stated,0.0,0.0,
03/19/2023,01/01/2020,03/18/2023,By Total,,,Maine,Obesity,Obesity,E65-E68,All Ages,65.0,65.0,
03/19/2023,01/01/2020,03/18/2023,By Total,,,Maryland,Obesity,Obesity,E65-E68,0-24,,,One or more data cells have counts between 1-9 and have been suppressed in accordance with NCHS confidentiality standards.
03/19/2023,01/01/2020,03/18/2023,By Total,,,Maryland,Obesity,Obesity,E65-E68,25-34,53.0,53.0,
03/19/2023,01/01/2020,03/18/2023,By Total,,,Maryland,Obesity,Obesity,E65-E68,35-44,102.0,103.0,
03/19/2023,01/01/2020,03/18/2023,By Total,,,Maryland,Obesity,Obesity,E65-E68,45-54,186.0,187.0,
03/19/2023,01/01/2020,03/18/2023,By Total,,,Maryland,Obesity,Obesity,E65-E68,55-64,241.0,241.0,
03/19/2023,01/01/2020,03/18/2023,By Total,,,Maryland,Obesity,Obesity,E65-E68,65-74,227.0,228.0,
03/19/2023,01/01/2020,03/18/2023,By Total,,,Maryland,Obesity,Obesity,E65-E68,75-84,110.0,110.0,
03/19/2023,01/01/2020,03/18/2023,By Total,,,Maryland,Obesity,Obesity,E65-E68,85+,16.0,16.0,
03/19/2023,01/01/2020,03/18/2023,By Total,,,Maryland,Obesity,Obesity,E65-E68,Not stated,0.0,0.0,
03/19/2023,01/01/2020,03/18/2023,By Total,,,Maryland,Obesity,Obesity,E65-E68,All Ages,941.0,944.0,
03/19/2023,01/01/2020,03/18/2023,By Total,,,Massachusetts,Obesity,Obesity,E65-E68,0-24,,,One or more data cells have counts between 1-9 and have been suppressed in accordance with NCHS confidentiality standards.
03/19/2023,01/01/2020,03/18/2023,By Total,,,Massachusetts,Obesity,Obesity,E65-E68,25-34,24.0,24.0,
03/19/2023,01/01/2020,03/18/2023,By Total,,,Massachusetts,Obesity,Obesity,E65-E68,35-44,37.0,37.0,
03/19/2023,01/01/2020,03/18/2023,By Total,,,Massachusetts,Obesity,Obesity,E65-E68,45-54,59.0,60.0,
03/19/2023,01/01/2020,03/18/2023,By Total,,,Massachusetts,Obesity,Obesity,E65-E68,55-64,97.0,97.0,
03/19/2023,01/01/2020,03/18/2023,By Total,,,Massachusetts,Obesity,Obesity,E65-E68,65-74,105.0,105.0,
03/19/2023,01/01/2020,03/18/2023,By Total,,,Massachusetts,Obesity,Obesity,E65-E68,75-84,59.0,59.0,
03/19/2023,01/01/2020,03/18/2023,By Total,,,Massachusetts,Obesity,Obesity,E65-E68,85+,17.0,17.0,
03/19/2023,01/01/2020,03/18/2023,By Total,,,Massachusetts,Obesity,Obesity,E65-E68,Not stated,0.0,0.0,
03/19/2023,01/01/2020,03/18/2023,By Total,,,Massachusetts,Obesity,Obesity,E65-E68,All Ages,405.0,406.0,
03/19/2023,01/01/2020,03/18/2023,By Total,,,Michigan,Obesity,Obesity,E65-E68,0-24,12.0,12.0,
03/19/2023,01/01/2020,03/18/2023,By Total,,,Michigan,Obesity,Obesity,E65-E68,25-34,79.0,79.0,
03/19/2023,01/01/2020,03/18/2023,By Total,,,Michigan,Obesity,Obesity,E65-E68,35-44,134.0,134.0,
03/19/2023,01/01/2020,03/18/2023,By Total,,,Michigan,Obesity,Obesity,E65-E68,45-54,283.0,284.0,
03/19/2023,01/01/2020,03/18/2023,By Total,,,Michigan,Obesity,Obesity,E65-E68,55-64,360.0,360.0,
03/19/2023,01/01/2020,03/18/2023,By Total,,,Michigan,Obesity,Obesity,E65-E68,65-74,345.0,345.0,
03/19/2023,01/01/2020,03/18/2023,By Total,,,Michigan,Obesity,Obesity,E65-E68,75-84,157.0,157.0,
03/19/2023,01/01/2020,03/18/2023,By Total,,,Michigan,Obesity,Obesity,E65-E68,85+,30.0,30.0,
03/19/2023,01/01/2020,03/18/2023,By Total,,,Michigan,Obesity,Obesity,E65-E68,Not stated,0.0,0.0,
03/19/2023,01/01/2020,03/18/2023,By Total,,,Michigan,Obesity,Obesity,E65-E68,All Ages,1400.0,1401.0,
03/19/2023,01/01/2020,03/18/2023,By Total,,,Minnesota,Obesity,Obesity,E65-E68,0-24,10.0,10.0,
03/19/2023,01/01/2020,03/18/2023,By Total,,,Minnesota,Obesity,Obesity,E65-E68,25-34,32.0,32.0,
03/19/2023,01/01/2020,03/18/2023,By Total,,,Minnesota,Obesity,Obesity,E65-E68,35-44,67.0,67.0,
03/19/2023,01/01/2020,03/18/2023,By Total,,,Minnesota,Obesity,Obesity,E65-E68,45-54,120.0,120.0,
03/19/2023,01/01/2020,03/18/2023,By Total,,,Minnesota,Obesity,Obesity,E65-E68,55-64,190.0,190.0,
03/19/2023,01/01/2020,03/18/2023,By Total,,,Minnesota,Obesity,Obesity,E65-E68,65-74,197.0,199.0,
03/19/2023,01/01/2020,03/18/2023,By Total,,,Minnesota,Obesity,Obesity,E65-E68,75-84,133.0,133.0,
03/19/2023,01/01/2020,03/18/2023,By Total,,,Minnesota,Obesity,Obesity,E65-E68,85+,53.0,53.0,
03/19/2023,01/01/2020,03/18/2023,By Total,,,Minnesota,Obesity,Obesity,E65-E68,Not stated,0.0,0.0,
03/19/2023,01/01/2020,03/18/2023,By Total,,,Minnesota,Obesity,Obesity,E65-E68,All Ages,802.0,804.0,
03/19/2023,01/01/2020,03/18/2023,By Total,,,Mississippi,Obesity,Obesity,E65-E68,0-24,11.0,11.0,
03/19/2023,01/01/2020,03/18/2023,By Total,,,Mississippi,Obesity,Obesity,E65-E68,25-34,38.0,38.0,
03/19/2023,01/01/2020,03/18/2023,By Total,,,Mississippi,Obesity,Obesity,E65-E68,35-44,83.0,83.0,
03/19/2023,01/01/2020,03/18/2023,By Total,,,Mississippi,Obesity,Obesity,E65-E68,45-54,133.0,133.0,
03/19/2023,01/01/2020,03/18/2023,By Total,,,Mississippi,Obesity,Obesity,E65-E68,55-64,156.0,156.0,
03/19/2023,01/01/2020,03/18/2023,By Total,,,Mississippi,Obesity,Obesity,E65-E68,65-74,151.0,151.0,
03/19/2023,01/01/2020,03/18/2023,By Total,,,Mississippi,Obesity,Obesity,E65-E68,75-84,78.0,78.0,
03/19/2023,01/01/2020,03/18/2023,By Total,,,Mississippi,Obesity,Obesity,E65-E68,85+,,,One or more data cells have counts between 1-9 and have been suppressed in accordance with NCHS confidentiality standards.
03/19/2023,01/01/2020,03/18/2023,By Total,,,Mississippi,Obesity,Obesity,E65-E68,Not stated,0.0,0.0,
03/19/2023,01/01/2020,03/18/2023,By Total,,,Mississippi,Obesity,Obesity,E65-E68,All Ages,656.0,656.0,
03/19/2023,01/01/2020,03/18/2023,By Total,,,Missouri,Obesity,Obesity,E65-E68,0-24,,,One or more data cells have counts between 1-9 and have been suppressed in accordance with NCHS confidentiality standards.
03/19/2023,01/01/2020,03/18/2023,By Total,,,Missouri,Obesity,Obesity,E65-E68,25-34,36.0,36.0,
03/19/2023,01/01/2020,03/18/2023,By Total,,,Missouri,Obesity,Obesity,E65-E68,35-44,89.0,89.0,
03/19/2023,01/01/2020,03/18/2023,By Total,,,Missouri,Obesity,Obesity,E65-E68,45-54,128.0,128.0,
03/19/2023,01/01/2020,03/18/2023,By Total,,,Missouri,Obesity,Obesity,E65-E68,55-64,203.0,203.0,
03/19/2023,01/01/2020,03/18/2023,By Total,,,Missouri,Obesity,Obesity,E65-E68,65-74,178.0,178.0,
03/19/2023,01/01/2020,03/18/2023,By Total,,,Missouri,Obesity,Obesity,E65-E68,75-84,83.0,83.0,
03/19/2023,01/01/2020,03/18/2023,By Total,,,Missouri,Obesity,Obesity,E65-E68,85+,18.0,18.0,
03/19/2023,01/01/2020,03/18/2023,By Total,,,Missouri,Obesity,Obesity,E65-E68,Not stated,0.0,0.0,
03/19/2023,01/01/2020,03/18/2023,By Total,,,Missouri,Obesity,Obesity,E65-E68,All Ages,741.0,741.0,
03/19/2023,01/01/2020,03/18/2023,By Total,,,Montana,Obesity,Obesity,E65-E68,0-24,,,One or more data cells have counts between 1-9 and have been suppressed in accordance with NCHS confidentiality standards.
03/19/2023,01/01/2020,03/18/2023,By Total,,,Montana,Obesity,Obesity,E65-E68,25-34,,,One or more data cells have counts between 1-9 and have been suppressed in accordance with NCHS confidentiality standards.
03/19/2023,01/01/2020,03/18/2023,By Total,,,Montana,Obesity,Obesity,E65-E68,35-44,29.0,29.0,
03/19/2023,01/01/2020,03/18/2023,By Total,,,Montana,Obesity,Obesity,E65-E68,45-54,46.0,46.0,
03/19/2023,01/01/2020,03/18/2023,By Total,,,Montana,Obesity,Obesity,E65-E68,55-64,76.0,76.0,
03/19/2023,01/01/2020,03/18/2023,By Total,,,Montana,Obesity,Obesity,E65-E68,65-74,95.0,95.0,
03/19/2023,01/01/2020,03/18/2023,By Total,,,Montana,Obesity,Obesity,E65-E68,75-84,53.0,53.0,
03/19/2023,01/01/2020,03/18/2023,By Total,,,Montana,Obesity,Obesity,E65-E68,85+,,,One or more data cells have counts between 1-9 and have been suppressed in accordance with NCHS confidentiality standards.
03/19/2023,01/01/2020,03/18/2023,By Total,,,Montana,Obesity,Obesity,E65-E68,Not stated,0.0,0.0,
03/19/2023,01/01/2020,03/18/2023,By Total,,,Montana,Obesity,Obesity,E65-E68,All Ages,318.0,318.0,
03/19/2023,01/01/2020,03/18/2023,By Total,,,Nebraska,Obesity,Obesity,E65-E68,0-24,,,One or more data cells have counts between 1-9 and have been suppressed in accordance with NCHS confidentiality standards.
03/19/2023,01/01/2020,03/18/2023,By Total,,,Nebraska,Obesity,Obesity,E65-E68,25-34,19.0,19.0,
03/19/2023,01/01/2020,03/18/2023,By Total,,,Nebraska,Obesity,Obesity,E65-E68,35-44,25.0,25.0,
03/19/2023,01/01/2020,03/18/2023,By Total,,,Nebraska,Obesity,Obesity,E65-E68,45-54,58.0,59.0,
03/19/2023,01/01/2020,03/18/2023,By Total,,,Nebraska,Obesity,Obesity,E65-E68,55-64,73.0,73.0,
03/19/2023,01/01/2020,03/18/2023,By Total,,,Nebraska,Obesity,Obesity,E65-E68,65-74,78.0,80.0,
03/19/2023,01/01/2020,03/18/2023,By Total,,,Nebraska,Obesity,Obesity,E65-E68,75-84,40.0,41.0,
03/19/2023,01/01/2020,03/18/2023,By Total,,,Nebraska,Obesity,Obesity,E65-E68,85+,14.0,16.0,
03/19/2023,01/01/2020,03/18/2023,By Total,,,Nebraska,Obesity,Obesity,E65-E68,Not stated,0.0,0.0,
03/19/2023,01/01/2020,03/18/2023,By Total,,,Nebraska,Obesity,Obesity,E65-E68,All Ages,309.0,315.0,
03/19/2023,01/01/2020,03/18/2023,By Total,,,Nevada,Obesity,Obesity,E65-E68,0-24,,,One or more data cells have counts between 1-9 and have been suppressed in accordance with NCHS confidentiality standards.
03/19/2023,01/01/2020,03/18/2023,By Total,,,Nevada,Obesity,Obesity,E65-E68,25-34,37.0,37.0,
03/19/2023,01/01/2020,03/18/2023,By Total,,,Nevada,Obesity,Obesity,E65-E68,35-44,63.0,63.0,
03/19/2023,01/01/2020,03/18/2023,By Total,,,Nevada,Obesity,Obesity,E65-E68,45-54,114.0,114.0,
03/19/2023,01/01/2020,03/18/2023,By Total,,,Nevada,Obesity,Obesity,E65-E68,55-64,145.0,145.0,
03/19/2023,01/01/2020,03/18/2023,By Total,,,Nevada,Obesity,Obesity,E65-E68,65-74,130.0,130.0,
03/19/2023,01/01/2020,03/18/2023,By Total,,,Nevada,Obesity,Obesity,E65-E68,75-84,75.0,75.0,
03/19/2023,01/01/2020,03/18/2023,By Total,,,Nevada,Obesity,Obesity,E65-E68,85+,10.0,10.0,
03/19/2023,01/01/2020,03/18/2023,By Total,,,Nevada,Obesity,Obesity,E65-E68,Not stated,0.0,0.0,
03/19/2023,01/01/2020,03/18/2023,By Total,,,Nevada,Obesity,Obesity,E65-E68,All Ages,577.0,577.0,
03/19/2023,01/01/2020,03/18/2023,By Total,,,New Hampshire,Obesity,Obesity,E65-E68,0-24,0.0,0.0,
03/19/2023,01/01/2020,03/18/2023,By Total,,,New Hampshire,Obesity,Obesity,E65-E68,25-34,,,One or more data cells have counts between 1-9 and have been suppressed in accordance with NCHS confidentiality standards.
03/19/2023,01/01/2020,03/18/2023,By Total,,,New Hampshire,Obesity,Obesity,E65-E68,35-44,,,One or more data cells have counts between 1-9 and have been suppressed in accordance with NCHS confidentiality standards.
03/19/2023,01/01/2020,03/18/2023,By Total,,,New Hampshire,Obesity,Obesity,E65-E68,45-54,17.0,17.0,
03/19/2023,01/01/2020,03/18/2023,By Total,,,New Hampshire,Obesity,Obesity,E65-E68,55-64,22.0,22.0,
03/19/2023,01/01/2020,03/18/2023,By Total,,,New Hampshire,Obesity,Obesity,E65-E68,65-74,38.0,38.0,
03/19/2023,01/01/2020,03/18/2023,By Total,,,New Hampshire,Obesity,Obesity,E65-E68,75-84,17.0,17.0,
03/19/2023,01/01/2020,03/18/2023,By Total,,,New Hampshire,Obesity,Obesity,E65-E68,85+,,,One or more data cells have counts between 1-9 and have been suppressed in accordance with NCHS confidentiality standards.
03/19/2023,01/01/2020,03/18/2023,By Total,,,New Hampshire,Obesity,Obesity,E65-E68,Not stated,0.0,0.0,
03/19/2023,01/01/2020,03/18/2023,By Total,,,New Hampshire,Obesity,Obesity,E65-E68,All Ages,111.0,111.0,
03/19/2023,01/01/2020,03/18/2023,By Total,,,New Jersey,Obesity,Obesity,E65-E68,0-24,11.0,11.0,
03/19/2023,01/01/2020,03/18/2023,By Total,,,New Jersey,Obesity,Obesity,E65-E68,25-34,46.0,48.0,
03/19/2023,01/01/2020,03/18/2023,By Total,,,New Jersey,Obesity,Obesity,E65-E68,35-44,98.0,98.0,
03/19/2023,01/01/2020,03/18/2023,By Total,,,New Jersey,Obesity,Obesity,E65-E68,45-54,160.0,160.0,
03/19/2023,01/01/2020,03/18/2023,By Total,,,New Jersey,Obesity,Obesity,E65-E68,55-64,269.0,269.0,
03/19/2023,01/01/2020,03/18/2023,By Total,,,New Jersey,Obesity,Obesity,E65-E68,65-74,210.0,210.0,
03/19/2023,01/01/2020,03/18/2023,By Total,,,New Jersey,Obesity,Obesity,E65-E68,75-84,88.0,88.0,
03/19/2023,01/01/2020,03/18/2023,By Total,,,New Jersey,Obesity,Obesity,E65-E68,85+,20.0,20.0,
03/19/2023,01/01/2020,03/18/2023,By Total,,,New Jersey,Obesity,Obesity,E65-E68,Not stated,0.0,0.0,
03/19/2023,01/01/2020,03/18/2023,By Total,,,New Jersey,Obesity,Obesity,E65-E68,All Ages,902.0,904.0,
03/19/2023,01/01/2020,03/18/2023,By Total,,,New Mexico,Obesity,Obesity,E65-E68,0-24,14.0,14.0,
03/19/2023,01/01/2020,03/18/2023,By Total,,,New Mexico,Obesity,Obesity,E65-E68,25-34,46.0,46.0,
03/19/2023,01/01/2020,03/18/2023,By Total,,,New Mexico,Obesity,Obesity,E65-E68,35-44,114.0,114.0,
03/19/2023,01/01/2020,03/18/2023,By Total,,,New Mexico,Obesity,Obesity,E65-E68,45-54,136.0,136.0,
03/19/2023,01/01/2020,03/18/2023,By Total,,,New Mexico,Obesity,Obesity,E65-E68,55-64,185.0,185.0,
03/19/2023,01/01/2020,03/18/2023,By Total,,,New Mexico,Obesity,Obesity,E65-E68,65-74,131.0,131.0,
03/19/2023,01/01/2020,03/18/2023,By Total,,,New Mexico,Obesity,Obesity,E65-E68,75-84,44.0,44.0,
03/19/2023,01/01/2020,03/18/2023,By Total,,,New Mexico,Obesity,Obesity,E65-E68,85+,,,One or more data cells have counts between 1-9 and have been suppressed in accordance with NCHS confidentiality standards.
03/19/2023,01/01/2020,03/18/2023,By Total,,,New Mexico,Obesity,Obesity,E65-E68,Not stated,,,One or more data cells have counts between 1-9 and have been suppressed in accordance with NCHS confidentiality standards.
03/19/2023,01/01/2020,03/18/2023,By Total,,,New Mexico,Obesity,Obesity,E65-E68,All Ages,677.0,677.0,
03/19/2023,01/01/2020,03/18/2023,By Total,,,New York,Obesity,Obesity,E65-E68,0-24,17.0,17.0,
03/19/2023,01/01/2020,03/18/2023,By Total,,,New York,Obesity,Obesity,E65-E68,25-34,42.0,42.0,
03/19/2023,01/01/2020,03/18/2023,By Total,,,New York,Obesity,Obesity,E65-E68,35-44,89.0,89.0,
03/19/2023,01/01/2020,03/18/2023,By Total,,,New York,Obesity,Obesity,E65-E68,45-54,164.0,164.0,
03/19/2023,01/01/2020,03/18/2023,By Total,,,New York,Obesity,Obesity,E65-E68,55-64,237.0,238.0,
03/19/2023,01/01/2020,03/18/2023,By Total,,,New York,Obesity,Obesity,E65-E68,65-74,217.0,217.0,
03/19/2023,01/01/2020,03/18/2023,By Total,,,New York,Obesity,Obesity,E65-E68,75-84,133.0,134.0,
03/19/2023,01/01/2020,03/18/2023,By Total,,,New York,Obesity,Obesity,E65-E68,85+,41.0,41.0,
03/19/2023,01/01/2020,03/18/2023,By Total,,,New York,Obesity,Obesity,E65-E68,Not stated,0.0,0.0,
03/19/2023,01/01/2020,03/18/2023,By Total,,,New York,Obesity,Obesity,E65-E68,All Ages,940.0,942.0,
03/19/2023,01/01/2020,03/18/2023,By Total,,,New York City,Obesity,Obesity,E65-E68,0-24,14.0,14.0,
03/19/2023,01/01/2020,03/18/2023,By Total,,,New York City,Obesity,Obesity,E65-E68,25-34,44.0,44.0,
03/19/2023,01/01/2020,03/18/2023,By Total,,,New York City,Obesity,Obesity,E65-E68,35-44,85.0,87.0,
03/19/2023,01/01/2020,03/18/2023,By Total,,,New York City,Obesity,Obesity,E65-E68,45-54,143.0,143.0,
03/19/2023,01/01/2020,03/18/2023,By Total,,,New York City,Obesity,Obesity,E65-E68,55-64,222.0,222.0,
03/19/2023,01/01/2020,03/18/2023,By Total,,,New York City,Obesity,Obesity,E65-E68,65-74,163.0,163.0,
03/19/2023,01/01/2020,03/18/2023,By Total,,,New York City,Obesity,Obesity,E65-E68,75-84,96.0,97.0,
03/19/2023,01/01/2020,03/18/2023,By Total,,,New York City,Obesity,Obesity,E65-E68,85+,19.0,19.0,
03/19/2023,01/01/2020,03/18/2023,By Total,,,New York City,Obesity,Obesity,E65-E68,Not stated,0.0,0.0,
03/19/2023,01/01/2020,03/18/2023,By Total,,,New York City,Obesity,Obesity,E65-E68,All Ages,786.0,789.0,
03/19/2023,01/01/2020,03/18/2023,By Total,,,North Carolina,Obesity,Obesity,E65-E68,0-24,14.0,14.0,
03/19/2023,01/01/2020,03/18/2023,By Total,,,North Carolina,Obesity,Obesity,E65-E68,25-34,73.0,73.0,
03/19/2023,01/01/2020,03/18/2023,By Total,,,North Carolina,Obesity,Obesity,E65-E68,35-44,143.0,143.0,
03/19/2023,01/01/2020,03/18/2023,By Total,,,North Carolina,Obesity,Obesity,E65-E68,45-54,244.0,246.0,
03/19/2023,01/01/2020,03/18/2023,By Total,,,North Carolina,Obesity,Obesity,E65-E68,55-64,385.0,386.0,
03/19/2023,01/01/2020,03/18/2023,By Total,,,North Carolina,Obesity,Obesity,E65-E68,65-74,327.0,328.0,
03/19/2023,01/01/2020,03/18/2023,By Total,,,North Carolina,Obesity,Obesity,E65-E68,75-84,130.0,130.0,
03/19/2023,01/01/2020,03/18/2023,By Total,,,North Carolina,Obesity,Obesity,E65-E68,85+,40.0,40.0,
03/19/2023,01/01/2020,03/18/2023,By Total,,,North Carolina,Obesity,Obesity,E65-E68,Not stated,0.0,0.0,
03/19/2023,01/01/2020,03/18/2023,By Total,,,North Carolina,Obesity,Obesity,E65-E68,All Ages,1356.0,1360.0,
03/19/2023,01/01/2020,03/18/2023,By Total,,,North Dakota,Obesity,Obesity,E65-E68,0-24,,,One or more data cells have counts between 1-9 and have been suppressed in accordance with NCHS confidentiality standards.
03/19/2023,01/01/2020,03/18/2023,By Total,,,North Dakota,Obesity,Obesity,E65-E68,25-34,,,One or more data cells have counts between 1-9 and have been suppressed in accordance with NCHS confidentiality standards.
03/19/2023,01/01/2020,03/18/2023,By Total,,,North Dakota,Obesity,Obesity,E65-E68,35-44,12.0,12.0,
03/19/2023,01/01/2020,03/18/2023,By Total,,,North Dakota,Obesity,Obesity,E65-E68,45-54,20.0,20.0,
03/19/2023,01/01/2020,03/18/2023,By Total,,,North Dakota,Obesity,Obesity,E65-E68,55-64,35.0,35.0,
03/19/2023,01/01/2020,03/18/2023,By Total,,,North Dakota,Obesity,Obesity,E65-E68,65-74,44.0,44.0,
03/19/2023,01/01/2020,03/18/2023,By Total,,,North Dakota,Obesity,Obesity,E65-E68,75-84,26.0,26.0,
03/19/2023,01/01/2020,03/18/2023,By Total,,,North Dakota,Obesity,Obesity,E65-E68,85+,10.0,10.0,
03/19/2023,01/01/2020,03/18/2023,By Total,,,North Dakota,Obesity,Obesity,E65-E68,Not stated,0.0,0.0,
03/19/2023,01/01/2020,03/18/2023,By Total,,,North Dakota,Obesity,Obesity,E65-E68,All Ages,154.0,154.0,
03/19/2023,01/01/2020,03/18/2023,By Total,,,Ohio,Obesity,Obesity,E65-E68,0-24,18.0,18.0,
03/19/2023,01/01/2020,03/18/2023,By Total,,,Ohio,Obesity,Obesity,E65-E68,25-34,78.0,78.0,
03/19/2023,01/01/2020,03/18/2023,By Total,,,Ohio,Obesity,Obesity,E65-E68,35-44,171.0,172.0,
03/19/2023,01/01/2020,03/18/2023,By Total,,,Ohio,Obesity,Obesity,E65-E68,45-54,250.0,250.0,
03/19/2023,01/01/2020,03/18/2023,By Total,,,Ohio,Obesity,Obesity,E65-E68,55-64,401.0,402.0,
03/19/2023,01/01/2020,03/18/2023,By Total,,,Ohio,Obesity,Obesity,E65-E68,65-74,375.0,375.0,
03/19/2023,01/01/2020,03/18/2023,By Total,,,Ohio,Obesity,Obesity,E65-E68,75-84,179.0,179.0,
03/19/2023,01/01/2020,03/18/2023,By Total,,,Ohio,Obesity,Obesity,E65-E68,85+,49.0,49.0,
03/19/2023,01/01/2020,03/18/2023,By Total,,,Ohio,Obesity,Obesity,E65-E68,Not stated,0.0,0.0,
03/19/2023,01/01/2020,03/18/2023,By Total,,,Ohio,Obesity,Obesity,E65-E68,All Ages,1521.0,1523.0,
03/19/2023,01/01/2020,03/18/2023,By Total,,,Oklahoma,Obesity,Obesity,E65-E68,0-24,18.0,18.0,
03/19/2023,01/01/2020,03/18/2023,By Total,,,Oklahoma,Obesity,Obesity,E65-E68,25-34,72.0,73.0,
03/19/2023,01/01/2020,03/18/2023,By Total,,,Oklahoma,Obesity,Obesity,E65-E68,35-44,169.0,170.0,
03/19/2023,01/01/2020,03/18/2023,By Total,,,Oklahoma,Obesity,Obesity,E65-E68,45-54,296.0,296.0,
03/19/2023,01/01/2020,03/18/2023,By Total,,,Oklahoma,Obesity,Obesity,E65-E68,55-64,429.0,430.0,
03/19/2023,01/01/2020,03/18/2023,By Total,,,Oklahoma,Obesity,Obesity,E65-E68,65-74,404.0,404.0,
03/19/2023,01/01/2020,03/18/2023,By Total,,,Oklahoma,Obesity,Obesity,E65-E68,75-84,214.0,214.0,
03/19/2023,01/01/2020,03/18/2023,By Total,,,Oklahoma,Obesity,Obesity,E65-E68,85+,40.0,40.0,
03/19/2023,01/01/2020,03/18/2023,By Total,,,Oklahoma,Obesity,Obesity,E65-E68,Not stated,0.0,0.0,
03/19/2023,01/01/2020,03/18/2023,By Total,,,Oklahoma,Obesity,Obesity,E65-E68,All Ages,1642.0,1645.0,
03/19/2023,01/01/2020,03/18/2023,By Total,,,Oregon,Obesity,Obesity,E65-E68,0-24,,,One or more data cells have counts between 1-9 and have been suppressed in accordance with NCHS confidentiality standards.
03/19/2023,01/01/2020,03/18/2023,By Total,,,Oregon,Obesity,Obesity,E65-E68,25-34,19.0,19.0,
03/19/2023,01/01/2020,03/18/2023,By Total,,,Oregon,Obesity,Obesity,E65-E68,35-44,40.0,40.0,
03/19/2023,01/01/2020,03/18/2023,By Total,,,Oregon,Obesity,Obesity,E65-E68,45-54,81.0,81.0,
03/19/2023,01/01/2020,03/18/2023,By Total,,,Oregon,Obesity,Obesity,E65-E68,55-64,126.0,128.0,
03/19/2023,01/01/2020,03/18/2023,By Total,,,Oregon,Obesity,Obesity,E65-E68,65-74,138.0,140.0,
03/19/2023,01/01/2020,03/18/2023,By Total,,,Oregon,Obesity,Obesity,E65-E68,75-84,76.0,76.0,
03/19/2023,01/01/2020,03/18/2023,By Total,,,Oregon,Obesity,Obesity,E65-E68,85+,20.0,20.0,
03/19/2023,01/01/2020,03/18/2023,By Total,,,Oregon,Obesity,Obesity,E65-E68,Not stated,0.0,0.0,
03/19/2023,01/01/2020,03/18/2023,By Total,,,Oregon,Obesity,Obesity,E65-E68,All Ages,502.0,506.0,
03/19/2023,01/01/2020,03/18/2023,By Total,,,Pennsylvania,Obesity,Obesity,E65-E68,0-24,22.0,22.0,
03/19/2023,01/01/2020,03/18/2023,By Total,,,Pennsylvania,Obesity,Obesity,E65-E68,25-34,54.0,55.0,
03/19/2023,01/01/2020,03/18/2023,By Total,,,Pennsylvania,Obesity,Obesity,E65-E68,35-44,158.0,158.0,
03/19/2023,01/01/2020,03/18/2023,By Total,,,Pennsylvania,Obesity,Obesity,E65-E68,45-54,297.0,297.0,
03/19/2023,01/01/2020,03/18/2023,By Total,,,Pennsylvania,Obesity,Obesity,E65-E68,55-64,487.0,487.0,
03/19/2023,01/01/2020,03/18/2023,By Total,,,Pennsylvania,Obesity,Obesity,E65-E68,65-74,471.0,472.0,
03/19/2023,01/01/2020,03/18/2023,By Total,,,Pennsylvania,Obesity,Obesity,E65-E68,75-84,247.0,249.0,
03/19/2023,01/01/2020,03/18/2023,By Total,,,Pennsylvania,Obesity,Obesity,E65-E68,85+,88.0,88.0,
03/19/2023,01/01/2020,03/18/2023,By Total,,,Pennsylvania,Obesity,Obesity,E65-E68,Not stated,0.0,0.0,
03/19/2023,01/01/2020,03/18/2023,By Total,,,Pennsylvania,Obesity,Obesity,E65-E68,All Ages,1824.0,1828.0,
03/19/2023,01/01/2020,03/18/2023,By Total,,,Rhode Island,Obesity,Obesity,E65-E68,0-24,0.0,0.0,
03/19/2023,01/01/2020,03/18/2023,By Total,,,Rhode Island,Obesity,Obesity,E65-E68,25-34,,,One or more data cells have counts between 1-9 and have been suppressed in accordance with NCHS confidentiality standards.
03/19/2023,01/01/2020,03/18/2023,By Total,,,Rhode Island,Obesity,Obesity,E65-E68,35-44,,,One or more data cells have counts between 1-9 and have been suppressed in accordance with NCHS confidentiality standards.
03/19/2023,01/01/2020,03/18/2023,By Total,,,Rhode Island,Obesity,Obesity,E65-E68,45-54,17.0,17.0,
03/19/2023,01/01/2020,03/18/2023,By Total,,,Rhode Island,Obesity,Obesity,E65-E68,55-64,39.0,39.0,
03/19/2023,01/01/2020,03/18/2023,By Total,,,Rhode Island,Obesity,Obesity,E65-E68,65-74,47.0,47.0,
03/19/2023,01/01/2020,03/18/2023,By Total,,,Rhode Island,Obesity,Obesity,E65-E68,75-84,20.0,20.0,
03/19/2023,01/01/2020,03/18/2023,By Total,,,Rhode Island,Obesity,Obesity,E65-E68,85+,10.0,10.0,
03/19/2023,01/01/2020,03/18/2023,By Total,,,Rhode Island,Obesity,Obesity,E65-E68,Not stated,0.0,0.0,
03/19/2023,01/01/2020,03/18/2023,By Total,,,Rhode Island,Obesity,Obesity,E65-E68,All Ages,145.0,145.0,
03/19/2023,01/01/2020,03/18/2023,By Total,,,South Carolina,Obesity,Obesity,E65-E68,0-24,11.0,12.0,
03/19/2023,01/01/2020,03/18/2023,By Total,,,South Carolina,Obesity,Obesity,E65-E68,25-34,48.0,48.0,
03/19/2023,01/01/2020,03/18/2023,By Total,,,South Carolina,Obesity,Obesity,E65-E68,35-44,119.0,119.0,
03/19/2023,01/01/2020,03/18/2023,By Total,,,South Carolina,Obesity,Obesity,E65-E68,45-54,248.0,249.0,
03/19/2023,01/01/2020,03/18/2023,By Total,,,South Carolina,Obesity,Obesity,E65-E68,55-64,375.0,375.0,
03/19/2023,01/01/2020,03/18/2023,By Total,,,South Carolina,Obesity,Obesity,E65-E68,65-74,424.0,425.0,
03/19/2023,01/01/2020,03/18/2023,By Total,,,South Carolina,Obesity,Obesity,E65-E68,75-84,211.0,212.0,
03/19/2023,01/01/2020,03/18/2023,By Total,,,South Carolina,Obesity,Obesity,E65-E68,85+,64.0,64.0,
03/19/2023,01/01/2020,03/18/2023,By Total,,,South Carolina,Obesity,Obesity,E65-E68,Not stated,0.0,0.0,
03/19/2023,01/01/2020,03/18/2023,By Total,,,South Carolina,Obesity,Obesity,E65-E68,All Ages,1500.0,1504.0,
03/19/2023,01/01/2020,03/18/2023,By Total,,,South Dakota,Obesity,Obesity,E65-E68,0-24,,,One or more data cells have counts between 1-9 and have been suppressed in accordance with NCHS confidentiality standards.
03/19/2023,01/01/2020,03/18/2023,By Total,,,South Dakota,Obesity,Obesity,E65-E68,25-34,,,One or more data cells have counts between 1-9 and have been suppressed in accordance with NCHS confidentiality standards.
03/19/2023,01/01/2020,03/18/2023,By Total,,,South Dakota,Obesity,Obesity,E65-E68,35-44,11.0,11.0,
03/19/2023,01/01/2020,03/18/2023,By Total,,,South Dakota,Obesity,Obesity,E65-E68,45-54,26.0,26.0,
03/19/2023,01/01/2020,03/18/2023,By Total,,,South Dakota,Obesity,Obesity,E65-E68,55-64,41.0,41.0,
03/19/2023,01/01/2020,03/18/2023,By Total,,,South Dakota,Obesity,Obesity,E65-E68,65-74,65.0,66.0,
03/19/2023,01/01/2020,03/18/2023,By Total,,,South Dakota,Obesity,Obesity,E65-E68,75-84,28.0,28.0,
03/19/2023,01/01/2020,03/18/2023,By Total,,,South Dakota,Obesity,Obesity,E65-E68,85+,,,One or more data cells have counts between 1-9 and have been suppressed in accordance with NCHS confidentiality standards.
03/19/2023,01/01/2020,03/18/2023,By Total,,,South Dakota,Obesity,Obesity,E65-E68,Not stated,0.0,0.0,
03/19/2023,01/01/2020,03/18/2023,By Total,,,South Dakota,Obesity,Obesity,E65-E68,All Ages,189.0,190.0,
03/19/2023,01/01/2020,03/18/2023,By Total,,,Tennessee,Obesity,Obesity,E65-E68,0-24,29.0,29.0,
03/19/2023,01/01/2020,03/18/2023,By Total,,,Tennessee,Obesity,Obesity,E65-E68,25-34,61.0,61.0,
03/19/2023,01/01/2020,03/18/2023,By Total,,,Tennessee,Obesity,Obesity,E65-E68,35-44,148.0,150.0,
03/19/2023,01/01/2020,03/18/2023,By Total,,,Tennessee,Obesity,Obesity,E65-E68,45-54,284.0,285.0,
03/19/2023,01/01/2020,03/18/2023,By Total,,,Tennessee,Obesity,Obesity,E65-E68,55-64,353.0,354.0,
03/19/2023,01/01/2020,03/18/2023,By Total,,,Tennessee,Obesity,Obesity,E65-E68,65-74,251.0,251.0,
03/19/2023,01/01/2020,03/18/2023,By Total,,,Tennessee,Obesity,Obesity,E65-E68,75-84,109.0,109.0,
03/19/2023,01/01/2020,03/18/2023,By Total,,,Tennessee,Obesity,Obesity,E65-E68,85+,15.0,15.0,
03/19/2023,01/01/2020,03/18/2023,By Total,,,Tennessee,Obesity,Obesity,E65-E68,Not stated,0.0,0.0,
03/19/2023,01/01/2020,03/18/2023,By Total,,,Tennessee,Obesity,Obesity,E65-E68,All Ages,1250.0,1254.0,
03/19/2023,01/01/2020,03/18/2023,By Total,,,Texas,Obesity,Obesity,E65-E68,0-24,105.0,105.0,
03/19/2023,01/01/2020,03/18/2023,By Total,,,Texas,Obesity,Obesity,E65-E68,25-34,494.0,497.0,
03/19/2023,01/01/2020,03/18/2023,By Total,,,Texas,Obesity,Obesity,E65-E68,35-44,925.0,932.0,
03/19/2023,01/01/2020,03/18/2023,By Total,,,Texas,Obesity,Obesity,E65-E68,45-54,1429.0,1432.0,
03/19/2023,01/01/2020,03/18/2023,By Total,,,Texas,Obesity,Obesity,E65-E68,55-64,1743.0,1750.0,
03/19/2023,01/01/2020,03/18/2023,By Total,,,Texas,Obesity,Obesity,E65-E68,65-74,1361.0,1368.0,
03/19/2023,01/01/2020,03/18/2023,By Total,,,Texas,Obesity,Obesity,E65-E68,75-84,514.0,516.0,
03/19/2023,01/01/2020,03/18/2023,By Total,,,Texas,Obesity,Obesity,E65-E68,85+,100.0,101.0,
03/19/2023,01/01/2020,03/18/2023,By Total,,,Texas,Obesity,Obesity,E65-E68,Not stated,0.0,0.0,
03/19/2023,01/01/2020,03/18/2023,By Total,,,Texas,Obesity,Obesity,E65-E68,All Ages,6671.0,6701.0,
03/19/2023,01/01/2020,03/18/2023,By Total,,,Utah,Obesity,Obesity,E65-E68,0-24,,,One or more data cells have counts between 1-9 and have been suppressed in accordance with NCHS confidentiality standards.
03/19/2023,01/01/2020,03/18/2023,By Total,,,Utah,Obesity,Obesity,E65-E68,25-34,39.0,39.0,
03/19/2023,01/01/2020,03/18/2023,By Total,,,Utah,Obesity,Obesity,E65-E68,35-44,66.0,66.0,
03/19/2023,01/01/2020,03/18/2023,By Total,,,Utah,Obesity,Obesity,E65-E68,45-54,113.0,113.0,
03/19/2023,01/01/2020,03/18/2023,By Total,,,Utah,Obesity,Obesity,E65-E68,55-64,122.0,122.0,
03/19/2023,01/01/2020,03/18/2023,By Total,,,Utah,Obesity,Obesity,E65-E68,65-74,119.0,119.0,
03/19/2023,01/01/2020,03/18/2023,By Total,,,Utah,Obesity,Obesity,E65-E68,75-84,44.0,44.0,
03/19/2023,01/01/2020,03/18/2023,By Total,,,Utah,Obesity,Obesity,E65-E68,85+,,,One or more data cells have counts between 1-9 and have been suppressed in accordance with NCHS confidentiality standards.
03/19/2023,01/01/2020,03/18/2023,By Total,,,Utah,Obesity,Obesity,E65-E68,Not stated,0.0,0.0,
03/19/2023,01/01/2020,03/18/2023,By Total,,,Utah,Obesity,Obesity,E65-E68,All Ages,517.0,517.0,
03/19/2023,01/01/2020,03/18/2023,By Total,,,Vermont,Obesity,Obesity,E65-E68,0-24,0.0,0.0,
03/19/2023,01/01/2020,03/18/2023,By Total,,,Vermont,Obesity,Obesity,E65-E68,25-34,0.0,0.0,
03/19/2023,01/01/2020,03/18/2023,By Total,,,Vermont,Obesity,Obesity,E65-E68,35-44,,,One or more data cells have counts between 1-9 and have been suppressed in accordance with NCHS confidentiality standards.
03/19/2023,01/01/2020,03/18/2023,By Total,,,Vermont,Obesity,Obesity,E65-E68,45-54,11.0,11.0,
03/19/2023,01/01/2020,03/18/2023,By Total,,,Vermont,Obesity,Obesity,E65-E68,55-64,14.0,15.0,
03/19/2023,01/01/2020,03/18/2023,By Total,,,Vermont,Obesity,Obesity,E65-E68,65-74,12.0,12.0,
03/19/2023,01/01/2020,03/18/2023,By Total,,,Vermont,Obesity,Obesity,E65-E68,75-84,,,One or more data cells have counts between 1-9 and have been suppressed in accordance with NCHS confidentiality standards.
03/19/2023,01/01/2020,03/18/2023,By Total,,,Vermont,Obesity,Obesity,E65-E68,85+,0.0,0.0,
03/19/2023,01/01/2020,03/18/2023,By Total,,,Vermont,Obesity,Obesity,E65-E68,Not stated,0.0,0.0,
03/19/2023,01/01/2020,03/18/2023,By Total,,,Vermont,Obesity,Obesity,E65-E68,All Ages,53.0,54.0,
03/19/2023,01/01/2020,03/18/2023,By Total,,,Virginia,Obesity,Obesity,E65-E68,0-24,,,One or more data cells have counts between 1-9 and have been suppressed in accordance with NCHS confidentiality standards.
03/19/2023,01/01/2020,03/18/2023,By Total,,,Virginia,Obesity,Obesity,E65-E68,25-34,30.0,30.0,
03/19/2023,01/01/2020,03/18/2023,By Total,,,Virginia,Obesity,Obesity,E65-E68,35-44,48.0,48.0,
03/19/2023,01/01/2020,03/18/2023,By Total,,,Virginia,Obesity,Obesity,E65-E68,45-54,81.0,81.0,
03/19/2023,01/01/2020,03/18/2023,By Total,,,Virginia,Obesity,Obesity,E65-E68,55-64,165.0,168.0,
03/19/2023,01/01/2020,03/18/2023,By Total,,,Virginia,Obesity,Obesity,E65-E68,65-74,146.0,146.0,
03/19/2023,01/01/2020,03/18/2023,By Total,,,Virginia,Obesity,Obesity,E65-E68,75-84,53.0,53.0,
03/19/2023,01/01/2020,03/18/2023,By Total,,,Virginia,Obesity,Obesity,E65-E68,85+,12.0,12.0,
03/19/2023,01/01/2020,03/18/2023,By Total,,,Virginia,Obesity,Obesity,E65-E68,Not stated,0.0,0.0,
03/19/2023,01/01/2020,03/18/2023,By Total,,,Virginia,Obesity,Obesity,E65-E68,All Ages,541.0,544.0,
03/19/2023,01/01/2020,03/18/2023,By Total,,,Washington,Obesity,Obesity,E65-E68,0-24,,,One or more data cells have counts between 1-9 and have been suppressed in accordance with NCHS confidentiality standards.
03/19/2023,01/01/2020,03/18/2023,By Total,,,Washington,Obesity,Obesity,E65-E68,25-34,51.0,51.0,
03/19/2023,01/01/2020,03/18/2023,By Total,,,Washington,Obesity,Obesity,E65-E68,35-44,88.0,88.0,
03/19/2023,01/01/2020,03/18/2023,By Total,,,Washington,Obesity,Obesity,E65-E68,45-54,156.0,159.0,
03/19/2023,01/01/2020,03/18/2023,By Total,,,Washington,Obesity,Obesity,E65-E68,55-64,236.0,236.0,
03/19/2023,01/01/2020,03/18/2023,By Total,,,Washington,Obesity,Obesity,E65-E68,65-74,241.0,245.0,
03/19/2023,01/01/2020,03/18/2023,By Total,,,Washington,Obesity,Obesity,E65-E68,75-84,129.0,130.0,
03/19/2023,01/01/2020,03/18/2023,By Total,,,Washington,Obesity,Obesity,E65-E68,85+,34.0,34.0,
03/19/2023,01/01/2020,03/18/2023,By Total,,,Washington,Obesity,Obesity,E65-E68,Not stated,0.0,0.0,
03/19/2023,01/01/2020,03/18/2023,By Total,,,Washington,Obesity,Obesity,E65-E68,All Ages,944.0,952.0,
03/19/2023,01/01/2020,03/18/2023,By Total,,,West Virginia,Obesity,Obesity,E65-E68,0-24,,,One or more data cells have counts between 1-9 and have been suppressed in accordance with NCHS confidentiality standards.
03/19/2023,01/01/2020,03/18/2023,By Total,,,West Virginia,Obesity,Obesity,E65-E68,25-34,11.0,11.0,
03/19/2023,01/01/2020,03/18/2023,By Total,,,West Virginia,Obesity,Obesity,E65-E68,35-44,27.0,27.0,
03/19/2023,01/01/2020,03/18/2023,By Total,,,West Virginia,Obesity,Obesity,E65-E68,45-54,67.0,67.0,
03/19/2023,01/01/2020,03/18/2023,By Total,,,West Virginia,Obesity,Obesity,E65-E68,55-64,56.0,57.0,
03/19/2023,01/01/2020,03/18/2023,By Total,,,West Virginia,Obesity,Obesity,E65-E68,65-74,79.0,80.0,
03/19/2023,01/01/2020,03/18/2023,By Total,,,West Virginia,Obesity,Obesity,E65-E68,75-84,27.0,27.0,
03/19/2023,01/01/2020,03/18/2023,By Total,,,West Virginia,Obesity,Obesity,E65-E68,85+,,,One or more data cells have counts between 1-9 and have been suppressed in accordance with NCHS confidentiality standards.
03/19/2023,01/01/2020,03/18/2023,By Total,,,West Virginia,Obesity,Obesity,E65-E68,Not stated,0.0,0.0,
03/19/2023,01/01/2020,03/18/2023,By Total,,,West Virginia,Obesity,Obesity,E65-E68,All Ages,271.0,273.0,
03/19/2023,01/01/2020,03/18/2023,By Total,,,Wisconsin,Obesity,Obesity,E65-E68,0-24,10.0,10.0,
03/19/2023,01/01/2020,03/18/2023,By Total,,,Wisconsin,Obesity,Obesity,E65-E68,25-34,47.0,47.0,
03/19/2023,01/01/2020,03/18/2023,By Total,,,Wisconsin,Obesity,Obesity,E65-E68,35-44,119.0,119.0,
03/19/2023,01/01/2020,03/18/2023,By Total,,,Wisconsin,Obesity,Obesity,E65-E68,45-54,232.0,233.0,
03/19/2023,01/01/2020,03/18/2023,By Total,,,Wisconsin,Obesity,Obesity,E65-E68,55-64,388.0,388.0,
03/19/2023,01/01/2020,03/18/2023,By Total,,,Wisconsin,Obesity,Obesity,E65-E68,65-74,445.0,446.0,
03/19/2023,01/01/2020,03/18/2023,By Total,,,Wisconsin,Obesity,Obesity,E65-E68,75-84,257.0,257.0,
03/19/2023,01/01/2020,03/18/2023,By Total,,,Wisconsin,Obesity,Obesity,E65-E68,85+,92.0,92.0,
03/19/2023,01/01/2020,03/18/2023,By Total,,,Wisconsin,Obesity,Obesity,E65-E68,Not stated,0.0,0.0,
03/19/2023,01/01/2020,03/18/2023,By Total,,,Wisconsin,Obesity,Obesity,E65-E68,All Ages,1590.0,1592.0,
03/19/2023,01/01/2020,03/18/2023,By Total,,,Wyoming,Obesity,Obesity,E65-E68,0-24,0.0,0.0,
03/19/2023,01/01/2020,03/18/2023,By Total,,,Wyoming,Obesity,Obesity,E65-E68,25-34,,,One or more data cells have counts between 1-9 and have been suppressed in accordance with NCHS confidentiality standards.
03/19/2023,01/01/2020,03/18/2023,By Total,,,Wyoming,Obesity,Obesity,E65-E68,35-44,10.0,10.0,
03/19/2023,01/01/2020,03/18/2023,By Total,,,Wyoming,Obesity,Obesity,E65-E68,45-54,26.0,26.0,
03/19/2023,01/01/2020,03/18/2023,By Total,,,Wyoming,Obesity,Obesity,E65-E68,55-64,49.0,49.0,
03/19/2023,01/01/2020,03/18/2023,By Total,,,Wyoming,Obesity,Obesity,E65-E68,65-74,39.0,39.0,
03/19/2023,01/01/2020,03/18/2023,By Total,,,Wyoming,Obesity,Obesity,E65-E68,75-84,14.0,14.0,
03/19/2023,01/01/2020,03/18/2023,By Total,,,Wyoming,Obesity,Obesity,E65-E68,85+,,,One or more data cells have counts between 1-9 and have been suppressed in accordance with NCHS confidentiality standards.
03/19/2023,01/01/2020,03/18/2023,By Total,,,Wyoming,Obesity,Obesity,E65-E68,Not stated,0.0,0.0,
03/19/2023,01/01/2020,03/18/2023,By Total,,,Wyoming,Obesity,Obesity,E65-E68,All Ages,155.0,155.0,
03/19/2023,01/01/2020,03/18/2023,By Total,,,Puerto Rico,Obesity,Obesity,E65-E68,0-24,,,One or more data cells have counts between 1-9 and have been suppressed in accordance with NCHS confidentiality standards.
03/19/2023,01/01/2020,03/18/2023,By Total,,,Puerto Rico,Obesity,Obesity,E65-E68,25-34,15.0,15.0,
03/19/2023,01/01/2020,03/18/2023,By Total,,,Puerto Rico,Obesity,Obesity,E65-E68,35-44,28.0,28.0,
03/19/2023,01/01/2020,03/18/2023,By Total,,,Puerto Rico,Obesity,Obesity,E65-E68,45-54,45.0,45.0,
03/19/2023,01/01/2020,03/18/2023,By Total,,,Puerto Rico,Obesity,Obesity,E65-E68,55-64,53.0,53.0,
03/19/2023,01/01/2020,03/18/2023,By Total,,,Puerto Rico,Obesity,Obesity,E65-E68,65-74,40.0,40.0,
03/19/2023,01/01/2020,03/18/2023,By Total,,,Puerto Rico,Obesity,Obesity,E65-E68,75-84,26.0,26.0,
03/19/2023,01/01/2020,03/18/2023,By Total,,,Puerto Rico,Obesity,Obesity,E65-E68,85+,,,One or more data cells have counts between 1-9 and have been suppressed in accordance with NCHS confidentiality standards.
03/19/2023,01/01/2020,03/18/2023,By Total,,,Puerto Rico,Obesity,Obesity,E65-E68,Not stated,,,One or more data cells have counts between 1-9 and have been suppressed in accordance with NCHS confidentiality standards.
03/19/2023,01/01/2020,03/18/2023,By Total,,,Puerto Rico,Obesity,Obesity,E65-E68,All Ages,216.0,216.0,
